branch_id,name,surname,email_address,phone_n,collect_date
1,Courtney,PARRA,courtneyparra@icloud.com,,2021-01-03 19:45:02.525076
46,Linsey,MCGEE,linsey.mcgee@icloud.com,123456825,2021-08-19 17:25:50.307663
46,Euan,BISHOP,euanbishop@gmail.com,,2020-08-25 13:43:31.088486
23,Adrian,JARAMILLO,adrian.jaramillo@gmail.com,123456894,2020-08-11 18:24:57.567937
26,Clare,MACDONALD,,123456829,2020-11-03 21:09:08.884900
25,Lena,SMALL,,123456876,2020-07-14 10:25:14.047379
47,Kara,WRIGHT,,123456891,2021-11-20 19:35:01.921589
23,Ronan,WEBSTER,ronanwebster@gmail.com,123456910,2020-07-20 22:08:36.442043
12,Jason,RAY,jason_ray@yahoo.com,123456865,2020-10-20 06:18:32.060871
48,Amelia,HAYNES,amelia.haynes@icloud.com,123456855,2021-10-18 21:52:07.291562
46,Finley,JARAMILLO,finley_jaramillo@hotmail.com,,2021-06-26 16:17:18.666138
37,Arlo,BALDWIN,arlo.baldwin@hotmail.com,,2021-04-10 10:40:46.627788
13,Ben,MERCADO,ben_mercado@gmail.com,,2021-01-15 13:24:08.375867
27,Cole,JENSEN,colejensen@gmail.com,,2020-08-27 02:25:12.152248
46,Finley,JARAMILLO,finley_jaramillo@hotmail.com,,2020-05-18 15:09:51.074139
24,Stewart,MURILLO,stewartmurillo@gmail.com,123456828,2020-10-19 03:31:18.277349
25,Blake,SHAFFER,blake_shaffer@yahoo.com,123456866,2021-10-23 18:39:12.182060
13,Orla,GREENE,orla.greene@gmail.com,123456901,2021-04-22 08:30:14.392639
28,Kaiden,SHAH,kaiden.shah@yahoo.com,123456903,2020-12-01 01:15:18.414601
14,Greg,PARRA,greg_parra@yahoo.com,123456833,2021-09-14 13:40:39.409972
2,Nicolle,KNOX,,123456905,2021-07-27 07:34:47.136917
1,Gary,LAMBERT,gary.lambert@gmail.com,123456809,2021-06-04 18:30:12.607754
14,Orla,STONE,orla.stone@gmail.com,123456883,2020-09-21 03:21:44.093407
24,Lena,SMALL,lena.small@gmail.com,123456876,2020-05-18 19:44:13.993468
38,Logan,NUNEZ,logan.nunez@hotmail.com,123456859,2020-10-16 18:42:36.955761
26,Kerry,BOYER,kerryboyer@yahoo.com,123456813,2021-11-15 06:39:02.005186
46,Kyle,NUNEZ,,123456856,2021-05-19 07:07:27.893229
23,Thomas,MURILLO,,123456909,2020-05-21 19:17:14.944101
12,Courtney,PARRA,courtneyparra@icloud.com,123456832,2020-08-13 22:16:44.295066
14,Imogen,FRANKLIN,,123456842,2021-07-29 21:38:05.472643
28,Jaxon,BOYER,jaxonboyer@icloud.com,123456811,2021-05-18 17:35:44.880122
46,Rose,WRIGHT,rose.wright@yahoo.com,,2020-05-07 05:00:39.136761
13,Kai,PARRA,kaiparra@icloud.com,123456831,2021-09-01 08:45:29.013401
47,Barrie,BRIGGS,barriebriggs@icloud.com,123456885,2020-09-26 05:17:08.806856
1,Robin,BOYER,robin_boyer@gmail.com,123456814,2020-06-25 03:10:15.472901
12,Ellen,HAYNES,ellen_haynes@icloud.com,123456853,2021-03-12 21:04:02.290800
1,Logan,NUNEZ,logan.nunez@hotmail.com,123456859,2021-03-29 09:27:39.080567
26,Rose,WRIGHT,rose.wright@yahoo.com,123456889,2021-06-11 21:48:47.252636
12,Gerard,KRAMER,gerard_kramer@gmail.com,,2020-10-29 17:01:12.954225
2,Katherine,ANDERSEN,,123456851,2021-09-04 03:05:52.815169
25,Calvin,LIU,,123456819,2021-07-10 06:46:18.587050
12,Jade,ANDRADE,jade_andrade@hotmail.com,123456912,2021-09-03 19:09:28.720947
46,Ellen,HAYNES,,123456853,2021-10-02 19:14:11.815915
27,Nicolle,KNOX,nicolleknox@hotmail.com,123456905,2021-08-19 17:35:08.156136
48,Thomas,MURILLO,thomas.murillo@icloud.com,123456909,2020-09-21 16:35:01.084992
14,Lena,SMALL,,123456876,2021-01-27 10:50:08.332821
2,Alan,PARRA,alan_parra@yahoo.com,123456834,2021-07-25 16:23:45.741267
46,Peter,ROMERO,peter.romero@hotmail.com,123456849,2021-09-18 14:12:03.617033
2,Frank,CLARKE,,123456896,2021-11-02 17:24:15.160413
25,Alana,OCONNELL,alanaoconnell@icloud.com,,2020-06-10 19:21:10.797249
37,Robin,BOYER,robin_boyer@gmail.com,123456814,2021-02-18 01:01:30.664483
26,Roy,MARKS,roy.marks@gmail.com,123456897,2020-12-11 19:43:37.614507
47,Imogen,FRANKLIN,imogenfranklin@gmail.com,123456842,2021-03-14 15:58:14.021528
1,Campbell,RIVERS,campbell_rivers@hotmail.com,123456843,2020-07-17 22:34:04.158882
48,Natalie,SMALL,,123456877,2020-08-25 12:50:49.790483
28,Christine,NGUYEN,,123456904,2021-07-11 17:49:03.395923
2,Lyndsey,BERNAL,lyndseybernal@gmail.com,123456793,2020-10-14 07:45:06.285063
23,Cole,JENSEN,,123456791,2021-10-21 02:49:24.120634
12,Alba,STEWART,albastewart@hotmail.com,123456895,2021-02-05 22:45:23.980235
25,Kayden,BOYER,,123456815,2020-08-25 20:13:37.087172
